"Title","Orders Count","Rating","Votes Count"
"2018 Nova Marca 6 MM de Espessura Tapete de Yoga Não-slip Durável Exercício Perder Peso de Fitness Gym Mat Pad Yoga mat","297","4.8","125"
"Marca Yoga Toalha 173*61 BALIGHT cm/68 ""* 24"" Microfibra Venda Quente de Secagem Rápida Yoga toalhas de Esportes Acessórios","98","4.7","46"
"Flores redondas Cobertores Yoga Chiffon Multi-Função Também É Usado como a Parede Pendurado Toalha Capa Sofá Lazer Retro Toalha de Praia","7","3.3","3"
"Clássico Mandola Yoga Toalha 183*65 Diamante Textura Antiderrapante Yoga Mat Toalha de Viagem Portátil Cobertura Mat Pilates Fitness cobertor Yoga","66","4.8","29"
"Esteira da ioga Cobertor Tapeçaria Da Suspensão de Parede Rodada Indiano Mandala Lótus Bohemian Esportes Yoga Cobertor Aptidão Toalha de Praia Protetor Solar","5","5.0","1"
"183x63 cm Antiderrapante Yoga Toalha Macia Viagem Esporte da Aptidão do Exercício da Yoga Pilates Mat Tie-dye Impresso cobertor","69","4.9","32"
"AbsorbSweat impresso Tapete de Yoga Toalha Toalha de Microfibra Yoga Toalha Sílica Gel Anti-slip Goodgrip 183*65 cm Cobertor Yoga pilates Mat Capa","36","5.0","12"
"Belo Padrão de Impressão Novo Yoga Toalha Suor Anti-skid Portátil Ginásio Exercício Cobertor Toalha Tapete de Yoga Toalha Yoga Pilates tampa tapete","45","4.7","10"
"Nova Edição estilo Retro Toalha Tapete de Yoga Esporte Pilates Workout Fitness Gym Exercício De Treinamento Portátil Capa Cobertor Toalha Macia","135","4.7","54"
"YOUGLE Tampa Antiderrapante Tapete de Yoga Cobertor Toalha Do Esporte Da Aptidão Exercício Pilates Treino QUENTE","207","4.9","69"
"Yoga Toalha Mat 1830*630mm Germproof Sweat-absorvente Antiderrapante Fácil Limpeza Portative Rosa Vermelha Azul Rosa Verde laranja Café","55","4.9","65"
"Rodada yoga cobertor flores de lótus de poliéster respirável mat mandala tapeçaria decor art praia piquenique cobertores toalha","54","4.7","17"
"Yoga Toalha Mat 183*63 cm de Sílica Gel Antiderrapante Fácil Limpeza Portátil de Viagem Do Esporte Da Aptidão do Exercício da Yoga Pilates cobertor Mat","8","5.0","1"
"NOVA Alongar Esportes Toalha Ultra Absorvente de Microfibra de Viagem com Zíper Pocketed Suor Secagem Rápida Toalha de Esportes Mochila","1","",""
"183*63 cm Yoga Cobertores De Algodão Macio Viagem Esporte Da Aptidão do Exercício da Yoga Pilates Mat Tampa Toalha Blanket Não- antiderrapante Toalha de Esportes","23","4.9","8"
"150 cm Grande Toalha de Praia Rodada Com Borlas Âncora Impressão Guardanapo De Plage Dec06 Adulte 2017 Toalha de Banho Toalhas de Praia","22","4.1","12"
"183*61 cm Yoga Toalha De Microfibra Compacto Macio e Absorvente Toalhas de Esportes de Secagem Rápida Viagem para Os Viajantes Mochileiros Caminhantes","","",""
"Balight Suave Microfibra Yoga Mat Suor Absorvente Não-Slip Esportes Venda quente Yoga Toalha Azul Cinza","10","5.0","2"
"Antiderrapante Esteira da Ioga do Algodão Tapete Ameixa Dot Resina Toalha Cobertor para Sprot Exercício","3","5.0","2"
"183x63 cm Ameixa Resina Pontilhada Antiderrapante Tapete de Algodão Tapete de Yoga Cobertor Toalha Absorção Do Suor Toalha para o Esporte exercício da aptidão 4 Cores","10","5.0","2"
"70X100 cm Sólidos Yoga Mat Esportes Fitness Toalha Macio e Espesso Cobertor com Saco de Rede Ampliou Dança Almofada Cortina tampa Do Esporte Da Aptidão Toalha","1","5.0","1"
"Microfibra Double-sided Printing Suede Tapete de Yoga Antiderrapante Absorção Do Suor Pad Yoga Exercício De Fitness Ginásio de Esportes Almofada Yoga esteiras","3","",""
"Antiderrapante Esteira da Ioga do Algodão Tapete Plum Resina Pontilhada Cobertor Toalha Absorção Do Suor Toalha para o Esporte de Fitness Exercício Pilates Suprimentos","1","",""
"New Arrivals Rodada Praia Cobertor Com Borla Cobertor Praia Roundie Círculo Cobertor tapete de Yoga Mandala Tapeçaria Rodada # G2","22","4.8","12"
"Yoga Toalha Yoga Companheiro Perfeito-Super Macio, Absorvente de Suor, toalhas de Yoga | Tamanho Perfeito Para Mat-Ideal Para A Ioga Quente","2","",""
"Hot sale 1 pc yoga Cobertor Toalha Absorver Microfibra plum Blossom Ponto Entusiastas Adultos plum blossom ponto anti-skid yoga toalha","6","",""
"1 pc Yoga Cobertor Toalha Absorver Microfibra Ponto Flor De Ameixa Entusiastas de Adultos","1","5.0","1"
"Cobertores Yoga Anti Deslizamento Suave Viagem Do Esporte Da Aptidão do Exercício da Yoga Pilates Mat Cobertura Cobertor Toalha Esportes Toalha 183x61 cm","18","4.8","16"
"72 ""x 24"" Hot Yoga Toalha Toalha de Microfibra Anti-Slip Mat Pilates da Aptidão Do Esporte COM O SACO LIVRE 4 cor","16","4.9","10"
"Balight Suave Microfibra Yoga Mat Suor Absorvente Não-Slip Esportes Venda quente Yoga Toalha Azul Cinza","4","5.0","1"
"Multifuncional Almofada Magia Sexual Sexo Sofá Hold Pad Cama Inflável Brinquedos Sexo Posição Sexual Travesseiro Sexo Móveis","9","5.0","1"
"Melhor toalha De Gelo alívio imediato resfriamento 40 ""x 12"" de Refrigeração Pescoço Bandana Bandana Lenço de Esportes Treino de Fitness ginásio 10 pçs/set","1","",""
"Tampa toalha Yoga Antiderrapante Tapete de Yoga Cobertor Toalha Do Esporte Da Aptidão Exercício Pilates Workout","1","5.0","12"
"183*61 cm Yoga Toalha De Microfibra Compacto Macio e Absorvente Toalhas de Esportes de Secagem Rápida Viagem para Os Viajantes Mochileiros Caminhantes","","",""
"183*61 cm Yoga Toalha De Microfibra Compacto Macio e Absorvente Toalhas de Esportes de Secagem Rápida Viagem para Os Viajantes Mochileiros Caminhantes","","",""
"Invisível anti-slip apertos toalha tapete de yoga, com um saco de transporte, frete grátis","2","",""
"Curso De Fitness Exercício Tapete de Yoga Pilates Yoga Toalha Macia Tampa Toalha Blanket Não-deslizamento Tecido de Microfibra de Secagem Rápida Esporte toalha","12","4.5","4"
"Tingido laço macio yoga toalha de Viagem Do Esporte Da Aptidão Exercício yoga Pilates Mat Tampa Toalha Blanket Não-slip Esportes Toalha 183x63 cm","1","",""
"72 polegadas Mat Toalha Yoga Treino de Fitness Ginásio Antiderrapante Praia Colcha Tapis Tie Dye Cobertor Esportes Pilates Esteiras de Exercício","","",""
"Toalha de microfibra Yoga exercício ginásio de fitness Cobertor Nubs Silicone Ambiental Anti-slip tapete de Yoga Toalha","1","",""
"31*18.5*6 cm/12.20*7.28 * 2.36in Trapezoidal Ginásio de Esportes Yoga Equilíbrio Massagem Tapete Tapete de Yoga almofada Almofada de equilíbrio Trainer","","",""
"Cobertores de Toalha De Banho De Microfibra de Secagem rápida de Fitness Yoga Ginásio de Esportes de Viagem Natação Camping Toalhas de Praia","7","5.0","2"
"4 cores Tapete de Yoga Ao Ar Livre 4mm Dobrável Esteira do Exercício de Fitness 2018 Yoga Mat Non-slip Grosso Almofada de Fitness pilates","","",""
"Balight Yoga Mat Tapete de Yoga Suor Absorvente de Microfibra Macia Não-Slip Sports Ginástica Yoga Toalha Tapete Grosso 2018 Novo","7","5.0","3"
"Rainbow Stripes microfibra Tecido Quadrado Colorido Toalha de Praia Cachecol Protetor Solar de Secagem rápida Yoga Cobertor Tapete Tapeçaria mulheres praia","1","5.0","1"
"Padrões 3 Peixe Impresso Esporte bolsa De Viagem De Fitness Exercício Tampa Tapete de Yoga Cobertor Toalha Não-Slip Pilates rutschfeste 183*63 cm","2","",""
"Americano europeu Forma Redonda Toalha de Praia Elefante Digital Impressa Poliéster toalha de Mesa Cobertor Yoga Mat Esportes transporte da gota","1","",""
"183*61 cm Padrão Waffle Toalha de Yoga Bikram Yoga Quente Esteira da Aptidão Antiderrapante Cobertor Mat Pilates Exercício Ao Ar Livre Tapete de Yoga toalha","1","",""
