"Title","Orders Count","Rating","Votes Count","Url","Price"
"6mm Insípido TPE Não-antiderrapante Mats Yoga Para Fitness Marca 8 Cor Mat Pilates Ginásio Exercício Esporte Esteiras almofadas com Saco Yoga yoga Cinta","896","4.9","303","https://pt.aliexpress.com/item/6MM-TPE-Non-slip-Yoga-Mats-For-Fitness-Tasteless-Brand-Pilates-Mat-8Color-Gym-Exercise-Sport/32868190134.html?ws_ab_test=searchweb0_0,searchweb201602_2_10065_10068_318_10547_319_10548_10696_450_10084_10083_10618_452_535_534_533_10307_532_204_10059_10884_10887_100031_320_10103_448_449,searchweb201603_2,ppcSwitch_0&algo_expid=f0d094a3-a902-4b46-bfba-dab1813fda66-0&algo_pvid=f0d094a3-a902-4b46-bfba-dab1813fda66","58,25"
"6 MM de Espessura EVA Esteira Da Ioga Da Espuma de Conforto para o Exercício, Yoga, e Pilates","2035","4.7","900","https://pt.aliexpress.com/item/6MM-Sports-Yoga-Mats-Anti-slip-Blanket-EVA-Gymnastic-Fitness-Mat/32797413928.html?ws_ab_test=searchweb0_0,searchweb201602_2_10065_10068_318_10547_319_10548_10696_450_10084_10083_10618_452_535_534_533_10307_532_204_10059_10884_10887_100031_320_10103_448_449,searchweb201603_2,ppcSwitch_0&algo_expid=f0d094a3-a902-4b46-bfba-dab1813fda66-1&algo_pvid=f0d094a3-a902-4b46-bfba-dab1813fda66","31,82"
"5mm Lotus Padrão Camurça Mat TPE Yoga Pad Não-slip Slimming Esteira do Exercício da Aptidão Da Ginástica Body Building Esterilla pilates","306","4.8","124","https://pt.aliexpress.com/item/5-MM-Lotus-Pattern-Suede-TPE-Yoga-Mat-Pad-Non-slip-Slimming-Exercise-Fitness-Gymnastics-Mat/32846218959.html?ws_ab_test=searchweb0_0,searchweb201602_2_10065_10068_318_10547_319_10548_10696_450_10084_10083_10618_452_535_534_533_10307_532_204_10059_10884_10887_100031_320_10103_448_449,searchweb201603_2,ppcSwitch_0&algo_expid=f0d094a3-a902-4b46-bfba-dab1813fda66-2&algo_pvid=f0d094a3-a902-4b46-bfba-dab1813fda66","99,76 - 191,54"
"1830*610*6mm TPE Tapete de Yoga com Saco Ambiental Non Slip Mat Para Iniciantes de Ginástica Esteiras de ginástica","66","4.9","13","https://pt.aliexpress.com/item/1830-610-6mm-TPE-Yoga-Mat-with-Bag-Non-Slip-Mat-For-Beginner-Environmental-Fitness-Gymnastics/32885569717.html?ws_ab_test=searchweb0_0,searchweb201602_2_10065_10068_318_10547_319_10548_10696_450_10084_10083_10618_452_535_534_533_10307_532_204_10059_10884_10887_100031_320_10103_448_449,searchweb201603_2,ppcSwitch_0&algo_expid=f0d094a3-a902-4b46-bfba-dab1813fda66-3&algo_pvid=f0d094a3-a902-4b46-bfba-dab1813fda66","31,86 - 32,10"
"Esportes Tapete de Yoga Tapete de Yoga Multifuncional Estilingue Cinta Elástica Algodão Não-escorregar Cinto Para Esportes Fitness Gym Exercício 4 cores","548","4.6","205","https://pt.aliexpress.com/item/Multifunctional-Yoga-Mat-Sling-Strap-Elastic-Cotton-Non-slip-Fitness-Gym-Belt-for-Sports-Exercise-4/32810060543.html?ws_ab_test=searchweb0_0,searchweb201602_2_10065_10068_318_10547_319_10548_10696_450_10084_10083_10618_452_535_534_533_10307_532_204_10059_10884_10887_100031_320_10103_448_449,searchweb201603_2,ppcSwitch_0&algo_expid=f0d094a3-a902-4b46-bfba-dab1813fda66-4&algo_pvid=f0d094a3-a902-4b46-bfba-dab1813fda66","19,45 - 20,12"
"1 Pc Novo Eco Espuma EVA Dampproof Mat de Fitness & Body Building Exercício de Yoga Almofada de Dormir Colchão Alta Quality-P101","52","4.3","33","https://pt.aliexpress.com/item/1Pc-Eco-friendly-Foam-EVA-Dampproof-Mat-Exercise-Yoga-Pad-Sleeping-Mattress-Fitness-Body-Building/32798266339.html?ws_ab_test=searchweb0_0,searchweb201602_2_10065_10068_318_10547_319_10548_10696_450_10084_10083_10618_452_535_534_533_10307_532_204_10059_10884_10887_100031_320_10103_448_449,searchweb201603_2,ppcSwitch_0&algo_expid=f0d094a3-a902-4b46-bfba-dab1813fda66-5&algo_pvid=f0d094a3-a902-4b46-bfba-dab1813fda66","14,78"
"183*60 cm Não-slip Esteiras da Ioga NBR 10mm Exercício Ginásio de Esportes de Fitness Pilates Mat Engrossado Lágrima resistente Com Saco de Tapete de Yoga & Strap","432","4.8","294","https://pt.aliexpress.com/item/183-60cm-Non-slip-NBR-Yoga-Mats-Fitness-10mm-Exercise-Sports-Gym-Pilates-Mat-Thickened-Tear/32834897260.html?ws_ab_test=searchweb0_0,searchweb201602_2_10065_10068_318_10547_319_10548_10696_450_10084_10083_10618_452_535_534_533_10307_532_204_10059_10884_10887_100031_320_10103_448_449,searchweb201603_2,ppcSwitch_0&algo_expid=f0d094a3-a902-4b46-bfba-dab1813fda66-6&algo_pvid=f0d094a3-a902-4b46-bfba-dab1813fda66","62,64 - 81,52"
"Alça de Ombro Sling Transportadora Esportes Tapete de Yoga Tapete de Yoga portátil Carry Transportadora Cinto de Fitness Ginásio Ajustável Ombro Alça de Transporte","345","3.8","20","https://pt.aliexpress.com/item/Portable-Yoga-Mat-Sling-Sports-Carrier-Yoga-Mat-Shoulder-Strap-Carry-Belt-Fitness-Gym-Adjustable-Carrier/32911711521.html?ws_ab_test=searchweb0_0,searchweb201602_2_10065_10068_318_10547_319_10548_10696_450_10084_10083_10618_452_535_534_533_10307_532_204_10059_10884_10887_100031_320_10103_448_449,searchweb201603_2,ppcSwitch_0&algo_expid=f0d094a3-a902-4b46-bfba-dab1813fda66-7&algo_pvid=f0d094a3-a902-4b46-bfba-dab1813fda66","1,96"
"Nova Convenience Preto Pilates yoga mochila yoga mat mochila yoga à prova d' água saco de Nylon Transportadora Malha Alça Ajustável Esporte Ferramenta","494","4.6","113","https://pt.aliexpress.com/item/New-Convenience-Black-Portable-Yoga-Mat-Bag-Nylon-Pilates-Carrier-Mesh-Adjustable-Strap-Sport-Tool-Style/32756008914.html?ws_ab_test=searchweb0_0,searchweb201602_2_10065_10068_318_10547_319_10548_10696_450_10084_10083_10618_452_535_534_533_10307_532_204_10059_10884_10887_100031_320_10103_448_449,searchweb201603_2,ppcSwitch_0&algo_expid=f0d094a3-a902-4b46-bfba-dab1813fda66-8&algo_pvid=f0d094a3-a902-4b46-bfba-dab1813fda66","5,83"
"Thickess 60x25x1.5 cm Não-Deslizamento Tapete de Yoga Almofada Almofada de Joelho Cotovelo Esporte Pilates Ginásio Macio tapetes Almofadas Dobrável Interior Do Edifício Do Corpo","152","4.5","15","https://pt.aliexpress.com/item/60x25x1-5cm-Thickess-Non-Slip-Yoga-Knee-Pad-Cushion-Elbow-Sport-Mat-Gym-Soft-Pilates-Mats/32907828782.html?ws_ab_test=searchweb0_0,searchweb201602_2_10065_10068_318_10547_319_10548_10696_450_10084_10083_10618_452_535_534_533_10307_532_204_10059_10884_10887_100031_320_10103_448_449,searchweb201603_2,ppcSwitch_0&algo_expid=f0d094a3-a902-4b46-bfba-dab1813fda66-9&algo_pvid=f0d094a3-a902-4b46-bfba-dab1813fda66","5,47"
"YHSBUY 3mm/4mm/5mm/6mm/8mm Esportes Tapete de Yoga Cortiça Natural TPE Esteira da Aptidão tapete de Yoga de borracha Não-slip Pilates Workout Exercício, HB025","53","4.4","18","https://pt.aliexpress.com/item/YHSBUY-3MM-4MM-5MM-6MM-8MM-Sports-Yoga-Mat-Cork-Natural-Rubber-Yoga-Mat-TPE-Fitness/32876160142.html?ws_ab_test=searchweb0_0,searchweb201602_2_10065_10068_318_10547_319_10548_10696_450_10084_10083_10618_452_535_534_533_10307_532_204_10059_10884_10887_100031_320_10103_448_449,searchweb201603_2,ppcSwitch_0&algo_expid=f0d094a3-a902-4b46-bfba-dab1813fda66-10&algo_pvid=f0d094a3-a902-4b46-bfba-dab1813fda66","103,79 - 165,67"
"GR Tratar de Lótus Mat Acupressure Massagem Nos Pés Mat Acupressão Almofada de Fitness Yoga Mat Alívio Da Dor Corporal","625","4.9","405","https://pt.aliexpress.com/item/Lotus-Spikes-Acupressure-Mat-and-Pillow-Set-For-Natural-Relief-Of-Stress-Pain-Tension-Spike/32777900024.html?s=p&ws_ab_test=searchweb0_0,searchweb201602_2_10065_10068_318_10547_319_10548_10696_450_10084_10083_10618_452_535_534_533_10307_532_204_10059_10884_10887_100031_320_10103_448_449,searchweb201603_2,ppcSwitch_0&algo_expid=f0d094a3-a902-4b46-bfba-dab1813fda66-11&algo_pvid=f0d094a3-a902-4b46-bfba-dab1813fda66","99,28"
"10mm de Espessura Tapete de Yoga exercício Pad Não-Slip Perder Peso Exercício de Fitness dobrável tapete de ginástica para fitness BR156","85","4.8","63","https://pt.aliexpress.com/item/10mm-Thick-exercise-Yoga-Mat-Pad-Non-Slip-Lose-Weight-Exercise-Fitness-folding-gymnastics-mat-for/32642424693.html?ws_ab_test=searchweb0_0,searchweb201602_2_10065_10068_318_10547_319_10548_10696_450_10084_10083_10618_452_535_534_533_10307_532_204_10059_10884_10887_100031_320_10103_448_449,searchweb201603_2,ppcSwitch_0&algo_expid=f0d094a3-a902-4b46-bfba-dab1813fda66-12&algo_pvid=f0d094a3-a902-4b46-bfba-dab1813fda66","65,91"
"4 Cores Ao Ar Livre 4 MM Dobrável Exercício de Fitness Pilates Yoga Mat Non-slip Almofada Grossa Esteira Da Aptidão 2018","1295","4.5","336","https://pt.aliexpress.com/item/4-Colors-Outdoor-4MM-Foldable-Exercise-Yoga-Mat-Non-slip-Thick-Pad-Fitness-Pilates-Mat-Fitness/32847572513.html?ws_ab_test=searchweb0_0,searchweb201602_2_10065_10068_318_10547_319_10548_10696_450_10084_10083_10618_452_535_534_533_10307_532_204_10059_10884_10887_100031_320_10103_448_449,searchweb201603_2,ppcSwitch_0&algo_expid=f0d094a3-a902-4b46-bfba-dab1813fda66-13&algo_pvid=f0d094a3-a902-4b46-bfba-dab1813fda66","20,20 - 21,52"
"6mm densidade TPE Tapete de Yoga Exercício Pad Não-deslizamento Dobrável Ginásio de Fitness Pilates Suprimentos Não-skid Piso esteira do jogo","31","4.9","22","https://pt.aliexpress.com/item/High-density-TPE-Yoga-Mat-Exercise-Pad-Thick-Non-slip-Folding-Gym-Fitness-Mat-Pilates-Supplies/32794526576.html?ws_ab_test=searchweb0_0,searchweb201602_2_10065_10068_318_10547_319_10548_10696_450_10084_10083_10618_452_535_534_533_10307_532_204_10059_10884_10887_100031_320_10103_448_449,searchweb201603_2,ppcSwitch_0&algo_expid=f0d094a3-a902-4b46-bfba-dab1813fda66-14&algo_pvid=f0d094a3-a902-4b46-bfba-dab1813fda66","83,28"
"Iunio Esteiras da Ioga Esteira Da Aptidão De 15mm Para Body Building Exercício Pilates Treinamento de GINÁSTICA Em Casa Dobrável EVA Pad Acampamento Ao Ar Livre tapete de Yoga","36","4.8","17","https://pt.aliexpress.com/item/iunio-Yoga-Mats-15MM-Fitness-Mat-For-Body-Building-Exercise-Pilates-Home-GYM-Training-Folding-EVA/32835806273.html?ws_ab_test=searchweb0_0,searchweb201602_2_10065_10068_318_10547_319_10548_10696_450_10084_10083_10618_452_535_534_533_10307_532_204_10059_10884_10887_100031_320_10103_448_449,searchweb201603_2,ppcSwitch_0&algo_expid=f0d094a3-a902-4b46-bfba-dab1813fda66-15&algo_pvid=f0d094a3-a902-4b46-bfba-dab1813fda66","64,27"
"6mm de Espessura Não-Deslizamento Tapete de Yoga Exercício de Fitness Perder Peso 68x24x0.24 polegada","53","4.5","8","https://pt.aliexpress.com/item/6mm-Thick-Non-Slip-Yoga-Mat-Exercise-Fitness-Lose-Weight-68x24x0-24inch/32823134886.html?ws_ab_test=searchweb0_0,searchweb201602_2_10065_10068_318_10547_319_10548_10696_450_10084_10083_10618_452_535_534_533_10307_532_204_10059_10884_10887_100031_320_10103_448_449,searchweb201603_2,ppcSwitch_0&algo_expid=f0d094a3-a902-4b46-bfba-dab1813fda66-16&algo_pvid=f0d094a3-a902-4b46-bfba-dab1813fda66","11,98"
"1830*610*6mm Linha Tapete Antiderrapante Tapete TPE Yoga Mat com Posição Para Iniciante Aptidão Ambiental esteiras de ginástica","37","","","https://pt.aliexpress.com/item/1830-610-6mm-TPE-Yoga-Mat-with-Position-Line-Non-Slip-Carpet-Mat-For-Beginner-Environmental/32932228049.html?ws_ab_test=searchweb0_0,searchweb201602_2_10065_10068_318_10547_319_10548_10696_450_10084_10083_10618_452_535_534_533_10307_532_204_10059_10884_10887_100031_320_10103_448_449,searchweb201603_2,ppcSwitch_0&algo_expid=f0d094a3-a902-4b46-bfba-dab1813fda66-17&algo_pvid=f0d094a3-a902-4b46-bfba-dab1813fda66","65,15"
"Dature TPE Tapete de Yoga 6mm de Ginástica Esteiras Esteira da Aptidão Tapete de Yoga Fitness Esporte Com Saco de Yoga Equilíbrio Pad Yogamat 183*61 cm * 6mm","107","4.9","60","https://pt.aliexpress.com/item/Dature-TPE-Yoga-Mat-6mm-Fitness-Mat-Fitness-Yoga-Sport-Mat-Gymnastics-Mats-With-Yoga-Bag/32825137967.html?ws_ab_test=searchweb0_0,searchweb201602_2_10065_10068_318_10547_319_10548_10696_450_10084_10083_10618_452_535_534_533_10307_532_204_10059_10884_10887_100031_320_10103_448_449,searchweb201603_2,ppcSwitch_0&algo_expid=f0d094a3-a902-4b46-bfba-dab1813fda66-18&algo_pvid=f0d094a3-a902-4b46-bfba-dab1813fda66","115,13"
"EVA Esteira da Ioga 6mm de Espessura Não-slip Pad Aptidão Para O Exercício de Yoga Pilates","447","4.7","185","https://pt.aliexpress.com/item/EVA-Yoga-Mat-6MM-Thick-Non-slip-Fitness-Pad-For-Yoga-Exercise-Pilates/32834624226.html?s=p&ws_ab_test=searchweb0_0,searchweb201602_2_10065_10068_318_10547_319_10548_10696_450_10084_10083_10618_452_535_534_533_10307_532_204_10059_10884_10887_100031_320_10103_448_449,searchweb201603_2,ppcSwitch_0&algo_expid=f0d094a3-a902-4b46-bfba-dab1813fda66-19&algo_pvid=f0d094a3-a902-4b46-bfba-dab1813fda66","39,88"
"Novo Yoga Ombro Ajustável Cinta Yoga Mat Transporte Sling Sling Transportadora Ombro Carry Belt Exercício do Estiramento Pulseira Esteira da Ioga QUENTE","286","4.6","77","https://pt.aliexpress.com/item/New-Yoga-Adjustable-Shoulder-Strap-Yoga-Mat-Sling-Carrier-Shoulder-Carry-Belt-Exercise-Stretch-Carrying-Sling/32841458073.html?ws_ab_test=searchweb0_0,searchweb201602_2_10065_10068_318_10547_319_10548_10696_450_10084_10083_10618_452_535_534_533_10307_532_204_10059_10884_10887_100031_320_10103_448_449,searchweb201603_2,ppcSwitch_0&algo_expid=f0d094a3-a902-4b46-bfba-dab1813fda66-20&algo_pvid=f0d094a3-a902-4b46-bfba-dab1813fda66","11,78"
"Roupas multifuncionais yoga mochila tapete de yoga mochila impermeável saco de yoga (no tapete de yoga)","178","4.7","74","https://pt.aliexpress.com/item/Multifunctional-clothes-yoga-backpack-yoga-mat-waterproof-backpack-yoga-bag-no-yoga-mat/32702697558.html?ws_ab_test=searchweb0_0,searchweb201602_2_10065_10068_318_10547_319_10548_10696_450_10084_10083_10618_452_535_534_533_10307_532_204_10059_10884_10887_100031_320_10103_448_449,searchweb201603_2,ppcSwitch_0&algo_expid=f0d094a3-a902-4b46-bfba-dab1813fda66-21&algo_pvid=f0d094a3-a902-4b46-bfba-dab1813fda66","40,44"
"Esteiras de ioga 6mm de Espessura EVA Durável Exercício da Aptidão do Esporte Mat Non-slip Pad Mat para Sênior Tipo Aleatório colchoneta # H3","218","4.9","27","https://pt.aliexpress.com/item/Yoga-Mats-6MM-EVA-Thick-Durable-Sport-Mat-Non-slip-Exercise-Fitness-Pad-Mat-for-Senior/32910543188.html?ws_ab_test=searchweb0_0,searchweb201602_2_10065_10068_318_10547_319_10548_10696_450_10084_10083_10618_452_535_534_533_10307_532_204_10059_10884_10887_100031_320_10103_448_449,searchweb201603_2,ppcSwitch_0&algo_expid=f0d094a3-a902-4b46-bfba-dab1813fda66-22&algo_pvid=f0d094a3-a902-4b46-bfba-dab1813fda66","16,45 - 29,94"
"Esportes Tapete de Yoga NBR Tapete de Yoga Multifuncional Estilingue Cinta Elástica Não-escorregar Cinto Para Esportes Fitness Gym Exercício 6 cores","5","","","https://pt.aliexpress.com/item/Sports-Yoga-Mat-Multifunctional-Yoga-Mat-Sling-Strap-Elastic-NBR-Non-slip-Fitness-Gym-Belt-For/32916819193.html?ws_ab_test=searchweb0_0,searchweb201602_2_10065_10068_318_10547_319_10548_10696_450_10084_10083_10618_452_535_534_533_10307_532_204_10059_10884_10887_100031_320_10103_448_449,searchweb201603_2,ppcSwitch_0&algo_expid=f0d094a3-a902-4b46-bfba-dab1813fda66-23&algo_pvid=f0d094a3-a902-4b46-bfba-dab1813fda66","13,82"
"1850mm * 800mm * 15mm Vendas Da Fábrica Anti-Lágrima Listras Mais Não-slip Esteira da Aptidão yoga Mat yoga gym mat colchoneta esterilla gimnasia","7","5.0","3","https://pt.aliexpress.com/item/1850mm-800mm-15mm-Factory-Sales-Anti-Tear-Stripes-More-Non-slip-Fitness-Mat-Yoga-Mat-esterilla/32864235613.html?ws_ab_test=searchweb0_0,searchweb201602_2_10065_10068_318_10547_319_10548_10696_450_10084_10083_10618_452_535_534_533_10307_532_204_10059_10884_10887_100031_320_10103_448_449,searchweb201603_2,ppcSwitch_0&algo_expid=f0d094a3-a902-4b46-bfba-dab1813fda66-24&algo_pvid=f0d094a3-a902-4b46-bfba-dab1813fda66","79,84"
"NOVO 183*68 cm 1.5mm Espessura 16 Estilos Não-deslizamento Ultrafino Camurça Suede Tapete De Borracha Yoga Perder peso Exercício Pilates Pad","23","4.8","6","https://pt.aliexpress.com/item/ENNJOI-NEW-183-68cm-1-5mm-Thickness-16-Styles-Non-slip-Ultrathin-Deerskin-Suede-Rubber-Yoga/32829388612.html?ws_ab_test=searchweb0_0,searchweb201602_2_10065_10068_318_10547_319_10548_10696_450_10084_10083_10618_452_535_534_533_10307_532_204_10059_10884_10887_100031_320_10103_448_449,searchweb201603_2,ppcSwitch_0&algo_expid=f0d094a3-a902-4b46-bfba-dab1813fda66-25&algo_pvid=f0d094a3-a902-4b46-bfba-dab1813fda66","77,57"
"EVA Pad Exercício de Espessura Não-deslizamento Dobrável Ginásio Esteira da Aptidão Tapete de Yoga EVA Pilates Suprimentos Não-skid Piso 4 cores Mat","449","4.4","170","https://pt.aliexpress.com/item/EVA-Exercise-Pad-Thick-Non-slip-Folding-Gym-Fitness-Mat-EVA-Yoga-Mat-Pilates-Supplies-Non/32805424257.html?ws_ab_test=searchweb0_0,searchweb201602_2_10065_10068_318_10547_319_10548_10696_450_10084_10083_10618_452_535_534_533_10307_532_204_10059_10884_10887_100031_320_10103_448_449,searchweb201603_2,ppcSwitch_0&algo_expid=f0d094a3-a902-4b46-bfba-dab1813fda66-26&algo_pvid=f0d094a3-a902-4b46-bfba-dab1813fda66","20,84"
"Dr. Qiiwi Massageador Almofada Mat Conjunto Para O Corpo de volta Acupressure Aliviar O Stress Tensão Muscular Dor Dores Spike Yoga Mat e Travesseiro","264","4.8","118","https://pt.aliexpress.com/item/Dr-Qiiwi-Massager-Cushion-Mat-Set-For-Body-back-Acupressure-Relieve-Stress-Pain-Aches-Muscle-Tension/32870824477.html?s=p&ws_ab_test=searchweb0_0,searchweb201602_2_10065_10068_318_10547_319_10548_10696_450_10084_10083_10618_452_535_534_533_10307_532_204_10059_10884_10887_100031_320_10103_448_449,searchweb201603_2,ppcSwitch_0&algo_expid=f0d094a3-a902-4b46-bfba-dab1813fda66-27&algo_pvid=f0d094a3-a902-4b46-bfba-dab1813fda66","33,26 - 77,37"
"Não-slip Mat Yoga Para Fitness Esportes Tapete de Yoga de Borracha Natural Também Para Ginásio Pilates Multifunções 1830*680*5mm","18","4.3","6","https://pt.aliexpress.com/item/Non-slip-Yoga-Mat-For-Fitness-Natural-Rubber-Sports-Yoga-Mat-Multifunction-Also-For-Gym-Pilates/32850718141.html?ws_ab_test=searchweb0_0,searchweb201602_2_10065_10068_318_10547_319_10548_10696_450_10084_10083_10618_452_535_534_533_10307_532_204_10059_10884_10887_100031_320_10103_448_449,searchweb201603_2,ppcSwitch_0&algo_expid=f0d094a3-a902-4b46-bfba-dab1813fda66-28&algo_pvid=f0d094a3-a902-4b46-bfba-dab1813fda66","108,46"
"Tapete de Yoga de 15mm de Espessura Physio Pilates Ginásio Exercício de Fitness Mat Non Slip Mat Acidente, Cinza","2","","","https://pt.aliexpress.com/item/Yoga-Mat-15mm-Thick-Exercise-Fitness-Physio-Pilates-Gym-Mat-Non-Slip-Crash-Mat-Gray/32825500682.html?ws_ab_test=searchweb0_0,searchweb201602_2_10065_10068_318_10547_319_10548_10696_450_10084_10083_10618_452_535_534_533_10307_532_204_10059_10884_10887_100031_320_10103_448_449,searchweb201603_2,ppcSwitch_0&algo_expid=f0d094a3-a902-4b46-bfba-dab1813fda66-29&algo_pvid=f0d094a3-a902-4b46-bfba-dab1813fda66","21,04"
"Elástico de Fitness Yoga Pilates Mat Estilingue Cinta Cintos Para Ginásio de Esportes Exercício do Estiramento Ajustável MAY19_35 Excerise","71","4.7","33","https://pt.aliexpress.com/item/Fitness-Elastic-Yoga-Pilates-Mat-Sling-Strap-Exercise-Stretch-Adjustable-Belts-For-Sports-Gym-Excerise-MAY19/32814519138.html?ws_ab_test=searchweb0_0,searchweb201602_2_10065_10068_318_10547_319_10548_10696_450_10084_10083_10618_452_535_534_533_10307_532_204_10059_10884_10887_100031_320_10103_448_449,searchweb201603_2,ppcSwitch_0&algo_expid=f0d094a3-a902-4b46-bfba-dab1813fda66-30&algo_pvid=f0d094a3-a902-4b46-bfba-dab1813fda66","6,31 - 8,71"
"Tapete de Yoga portátil Portador de Estilingue Cinto de Lona Esportes Fitness Ginásio Ajustável Ombro Alça de Transporte","315","4.8","185","https://pt.aliexpress.com/item/Portable-Yoga-Mat-Sling-Sports-Canvas-Belt-Fitness-Gym-Ajustable-Carrier-Shoulder-Carry-Strap/32821866186.html?ws_ab_test=searchweb0_0,searchweb201602_2_10065_10068_318_10547_319_10548_10696_450_10084_10083_10618_452_535_534_533_10307_532_204_10059_10884_10887_100031_320_10103_448_449,searchweb201603_2,ppcSwitch_0&algo_expid=f0d094a3-a902-4b46-bfba-dab1813fda66-31&algo_pvid=f0d094a3-a902-4b46-bfba-dab1813fda66","9,83"
"Impresso Saco de Lona Yoga Multi-função À Prova D' Água Saco De Armazenamento Saco de Tapete de Yoga Pilates Portáteis Dança Esteira da Aptidão Tapete de Yoga Mochila caso","24","5.0","12","https://pt.aliexpress.com/item/Printed-Yoga-Bag-Canvas-Waterproof-Multi-function-Storage-Bag-Yoga-Mat-Bag-Portable-Pilates-Dance-Yoga/32877642939.html?ws_ab_test=searchweb0_0,searchweb201602_2_10065_10068_318_10547_319_10548_10696_450_10084_10083_10618_452_535_534_533_10307_532_204_10059_10884_10887_100031_320_10103_448_449,searchweb201603_2,ppcSwitch_0&algo_expid=f0d094a3-a902-4b46-bfba-dab1813fda66-32&algo_pvid=f0d094a3-a902-4b46-bfba-dab1813fda66","66,79 - 91,62"
"Venda quente saco de ginástica yoga saco de esteira yoga mochila yoga Pilates Mat Caso À Prova D' Água Saco de Vetores para 72*15 cm","11","5.0","4","https://pt.aliexpress.com/item/Hot-sale-Yoga-gym-bag-yoga-mat-bag-Waterproof-backpack-Yoga-Pilates-Mat-Case-Bag-Vectors/32896690178.html?ws_ab_test=searchweb0_0,searchweb201602_2_10065_10068_318_10547_319_10548_10696_450_10084_10083_10618_452_535_534_533_10307_532_204_10059_10884_10887_100031_320_10103_448_449,searchweb201603_2,ppcSwitch_0&algo_expid=f0d094a3-a902-4b46-bfba-dab1813fda66-33&algo_pvid=f0d094a3-a902-4b46-bfba-dab1813fda66","20,52"
"Ginásio de Fitness Exercício Pad Grosso Não-deslizamento Dobrável Suprimentos Não-skid Piso EVA Pilates Yoga Mat 4 Cores","29","5.0","11","https://pt.aliexpress.com/item/Gym-Fitness-Exercise-Pad-Thick-Non-slip-Folding-EVA-Pilates-Supplies-Non-skid-Floor-Yoga-Mat/32808058805.html?ws_ab_test=searchweb0_0,searchweb201602_2_10065_10068_318_10547_319_10548_10696_450_10084_10083_10618_452_535_534_533_10307_532_204_10059_10884_10887_100031_320_10103_448_449,searchweb201603_2,ppcSwitch_0&algo_expid=f0d094a3-a902-4b46-bfba-dab1813fda66-34&algo_pvid=f0d094a3-a902-4b46-bfba-dab1813fda66","22,32 - 22,80"
"Dr. Qiiwi Massager Acupressure Mat Almofada Para A Cabeça Do Corpo para trás Dor Aliviar O Stress Yoga Pad Tapete de Pico Da Tensão Muscular e Travesseiro","63","4.8","21","https://pt.aliexpress.com/item/Dr-Qiiwi-Acupressure-Massager-Cushion-Mat-For-Body-Head-back-Relieve-Stress-Pain-Yoga-Pad-Muscle/32874162114.html?s=p&ws_ab_test=searchweb0_0,searchweb201602_2_10065_10068_318_10547_319_10548_10696_450_10084_10083_10618_452_535_534_533_10307_532_204_10059_10884_10887_100031_320_10103_448_449,searchweb201603_2,ppcSwitch_0&algo_expid=f0d094a3-a902-4b46-bfba-dab1813fda66-35&algo_pvid=f0d094a3-a902-4b46-bfba-dab1813fda66","34,50 - 78,33"
"No-slip Yoga Mat TPE Esteiras Esporte para Fitness Pilates Ginástica 6 6mm mm Almofada Das Mulheres de Fitness Yoga mat esportes Navio De RU CN","3","5.0","1","https://pt.aliexpress.com/item/No-slip-Yoga-Mat-6mm-TPE-Sport-Mats-for-Fitness-Pilates-Gymnastics-6mm-Pad-Women-Fitness/32904590003.html?ws_ab_test=searchweb0_0,searchweb201602_2_10065_10068_318_10547_319_10548_10696_450_10084_10083_10618_452_535_534_533_10307_532_204_10059_10884_10887_100031_320_10103_448_449,searchweb201603_2,ppcSwitch_0&algo_expid=f0d094a3-a902-4b46-bfba-dab1813fda66-36&algo_pvid=f0d094a3-a902-4b46-bfba-dab1813fda66","52,82 - 136,45"
"Correia Transportadora de Nylon Lavável Ajustável ginásio Saco Tapete de Yoga Portátil Carry 60 * cm * 6 17mm Preto Shaping ferramenta","51","4.6","11","https://pt.aliexpress.com/item/Gym-Yoga-Mat-Bag-Portable-Nylon-Carrier-Washable-Adjustable-Strap-Carry-60-17cm-6mm-Black-Shaping/32886492639.html?ws_ab_test=searchweb0_0,searchweb201602_2_10065_10068_318_10547_319_10548_10696_450_10084_10083_10618_452_535_534_533_10307_532_204_10059_10884_10887_100031_320_10103_448_449,searchweb201603_2,ppcSwitch_0&algo_expid=f0d094a3-a902-4b46-bfba-dab1813fda66-37&algo_pvid=f0d094a3-a902-4b46-bfba-dab1813fda66","3,36 - 4,64"
"Procircle Yoga Mat Paralelepípedos Massagem de Acupressão Mat Para O Stress Alívio Da Dor Pé Corpo","18","4.7","6","https://pt.aliexpress.com/item/Procircle-Acupressure-Yoga-Mat-Cobblestone-Massage-Mat-For-Stress-Pain-Foot-Body-Relief/32878020162.html?ws_ab_test=searchweb0_0,searchweb201602_2_10065_10068_318_10547_319_10548_10696_450_10084_10083_10618_452_535_534_533_10307_532_204_10059_10884_10887_100031_320_10103_448_449,searchweb201603_2,ppcSwitch_0&algo_expid=f0d094a3-a902-4b46-bfba-dab1813fda66-38&algo_pvid=f0d094a3-a902-4b46-bfba-dab1813fda66","75,77"
"Impresso yoga mat toalha de esportes yoga toalha yoga cobertor toalha sweat-absorvente deslizamento especial","7","5.0","3","https://pt.aliexpress.com/item/Printed-yoga-mat-towel-sports-yoga-towel-towel-sweat-absorbent-slip-special-yoga-blanket/32890105652.html?ws_ab_test=searchweb0_0,searchweb201602_2_10065_10068_318_10547_319_10548_10696_450_10084_10083_10618_452_535_534_533_10307_532_204_10059_10884_10887_100031_320_10103_448_449,searchweb201603_2,ppcSwitch_0&algo_expid=f0d094a3-a902-4b46-bfba-dab1813fda66-39&algo_pvid=f0d094a3-a902-4b46-bfba-dab1813fda66","59,88"
"75*16 cm Prático Canvas Yoga Mat Pilates Alça de Transporte Saco de Cordão Esporte Exercício Ginásio de Fitness Mochila para 6mm Sacos de Tapete de Yoga","10","4.8","4","https://pt.aliexpress.com/item/75-16cm-Practical-Canvas-Yoga-Pilates-Mat-Carry-Strap-Drawstring-Bag-Sport-Exercise-Gym-Fitness-Backpack/32884401800.html?ws_ab_test=searchweb0_0,searchweb201602_2_10065_10068_318_10547_319_10548_10696_450_10084_10083_10618_452_535_534_533_10307_532_204_10059_10884_10887_100031_320_10103_448_449,searchweb201603_2,ppcSwitch_0&algo_expid=f0d094a3-a902-4b46-bfba-dab1813fda66-40&algo_pvid=f0d094a3-a902-4b46-bfba-dab1813fda66","61,80"
"Suor Anti-skid microfibra Yoga Toalha Cobertor de Fitness Gym Sports Exercise Portátil Toalha tapete de Yoga Toalha Yoga Mat Pilates cobrir","49","4.9","22","https://pt.aliexpress.com/item/Microfiber-Yoga-Towel-Sweat-Anti-skid-Portable-Gym-Fitness-Blanket-Sports-Exercise-Yoga-mat-Towel-Pilates/32823929079.html?ws_ab_test=searchweb0_0,searchweb201602_2_10065_10068_318_10547_319_10548_10696_450_10084_10083_10618_452_535_534_533_10307_532_204_10059_10884_10887_100031_320_10103_448_449,searchweb201603_2,ppcSwitch_0&algo_expid=f0d094a3-a902-4b46-bfba-dab1813fda66-41&algo_pvid=f0d094a3-a902-4b46-bfba-dab1813fda66","80,36"
"Multifuncional de alta Qualidade Esteiras de Ioga NBR Cinta Linga deslizamento Elástico Cinto para Esportes Fitness equipamentos de Ginástica Exercício 10mm 183*61 cm","132","4.6","83","https://pt.aliexpress.com/item/High-Quality-Multifunctional-Yoga-Mats-NBR-Sling-Strap-Elastic-slip-Fitness-equipment-Gym-Belt-for-Sports/32839978553.html?ws_ab_test=searchweb0_0,searchweb201602_2_10065_10068_318_10547_319_10548_10696_450_10084_10083_10618_452_535_534_533_10307_532_204_10059_10884_10887_100031_320_10103_448_449,searchweb201603_2,ppcSwitch_0&algo_expid=f0d094a3-a902-4b46-bfba-dab1813fda66-42&algo_pvid=f0d094a3-a902-4b46-bfba-dab1813fda66","55,85 - 95,77"
"Tapete de Fitness yoga almofada de Massagem tapete Antiderrapante yoga Mat Toalha Cobertura Cobertor Exercício Pilates Workout Massagem mat mat tapete","","","","https://pt.aliexpress.com/item/Fitness-yoga-mat-Massage-cushion-carpet-Non-Slip-Yoga-Mat-Cover-Towel-Blanket-Exercise-Pilates-Workout/32932200224.html?s=p&ws_ab_test=searchweb0_0,searchweb201602_2_10065_10068_318_10547_319_10548_10696_450_10084_10083_10618_452_535_534_533_10307_532_204_10059_10884_10887_100031_320_10103_448_449,searchweb201603_2,ppcSwitch_0&algo_expid=f0d094a3-a902-4b46-bfba-dab1813fda66-43&algo_pvid=f0d094a3-a902-4b46-bfba-dab1813fda66","59,96"
"Mat Pilates Yoga Mulheres com Caso Portadores Saco Mochila Bolsa multifuncional Bolsa Almofadas À Prova D' Água Esporte","45","4.6","22","https://pt.aliexpress.com/item/Yoga-Pilates-Mat-Women-with-Waterproof-Case-Bag-Carriers-Backpack-Pouch-multifunctional-Pouch-Almofadas-Sport/32831504837.html?ws_ab_test=searchweb0_0,searchweb201602_2_10065_10068_318_10547_319_10548_10696_450_10084_10083_10618_452_535_534_533_10307_532_204_10059_10884_10887_100031_320_10103_448_449,searchweb201603_2,ppcSwitch_0&algo_expid=f0d094a3-a902-4b46-bfba-dab1813fda66-44&algo_pvid=f0d094a3-a902-4b46-bfba-dab1813fda66","17,45 - 18,53"
"Novo Pacote de 2 Prancha de Espuma Yoga Treino Joelho Almofada Almofada Redonda Esteiras de Exercício de Eliminar A Dor Do Joelho Pulso Cotovelo","217","4.8","72","https://pt.aliexpress.com/item/New-Pack-of-2-Plank-Workout-Knee-Pad-Cushion-Round-Foam-Yoga-Eliminate-Knee-Wrist-Elbow/32812149432.html?ws_ab_test=searchweb0_0,searchweb201602_2_10065_10068_318_10547_319_10548_10696_450_10084_10083_10618_452_535_534_533_10307_532_204_10059_10884_10887_100031_320_10103_448_449,searchweb201603_2,ppcSwitch_0&algo_expid=f0d094a3-a902-4b46-bfba-dab1813fda66-45&algo_pvid=f0d094a3-a902-4b46-bfba-dab1813fda66","8,63 - 10,42"
"183x61x0.6 cm Nenhum-Slip Mat TPE Tapete de Yoga com Saco e Corda Camadas Duplas de Fitness Gym exercício Mat Esteiras de Ginástica","31","4.9","16","https://pt.aliexpress.com/item/183x61x0-6cm-Yoga-Mat-TPE-Double-Layers-Colchonete-Fitness-Gym-Exercise-Mat-Gymnastics-Mats-Lose-Weight/32685388716.html?ws_ab_test=searchweb0_0,searchweb201602_2_10065_10068_318_10547_319_10548_10696_450_10084_10083_10618_452_535_534_533_10307_532_204_10059_10884_10887_100031_320_10103_448_449,searchweb201603_2,ppcSwitch_0&algo_expid=f0d094a3-a902-4b46-bfba-dab1813fda66-46&algo_pvid=f0d094a3-a902-4b46-bfba-dab1813fda66","98,53 - 99,48"
"183X61 cm 8mm de Espessura exercício Yoga Mat Pad Anti-Slip Perder Peso Exercício de Fitness ginástica dobráveis tapete de ginástica para fitness","22","4.9","17","https://pt.aliexpress.com/item/183X61CM-8mm-Thick-exercise-Yoga-Mat-Pad-Non-Slip-Lose-Weight-Exercise-Fitness-folding-gymnastics-mat/32839133764.html?ws_ab_test=searchweb0_0,searchweb201602_2_10065_10068_318_10547_319_10548_10696_450_10084_10083_10618_452_535_534_533_10307_532_204_10059_10884_10887_100031_320_10103_448_449,searchweb201603_2,ppcSwitch_0&algo_expid=f0d094a3-a902-4b46-bfba-dab1813fda66-47&algo_pvid=f0d094a3-a902-4b46-bfba-dab1813fda66","67,83"
